toki_1_true_03-07-2000_tokiarb@gmail.com_konkurrencespiller_false_senior
roar_2_true_09-08-2005_roar@gmail.com_konkurrencespiller_false_senior
Herit_3_true_27-05-2001_herit@gmail.com_konkurrencespiller_false_senior
Leif_4_true_11-02-1966_Leif@gmail.com_motionist_false_senior
Rikke_5_true_25-04-1970_Rikke@gmail.com_konkurrencespiller_false_senior
Beinta_6_true_04-11-1992_Beinta@gmail.com_konkurrencespiller_false_senior
Arnhold_7_true_01-01-1988_Arnhold@gmail.com_konkurrencespiller_false_senior
Frigga_8_true_06-06-2016_Frigga@gmail.com_konkurrencespiller_false_junior
Brynja_9_true_04-10-1990_Brynja@gmail.com_konkurrencespiller_false_senior
Ragna_10_true_07-07-2003_Ragna@gmail.com_konkurrencespiller_false_senior
Ro_11_true_02-02-2000_Ro@gmail.com_konkurrencespiller_false_senior
Jonn_12_true_03-02-1920_Jonn@gmail.com_konkurrencespiller_false_senior
Amy_13_true_12-12-1999_Amy@gmail.com_konkurrencespiller_false_senior
Finn Heri_14_true_03-10-1999_FinnHeri@gmail.com_konkurrencespiller_false_senior
Bardur_15_true_06-03-2001_bardur@gmail.com_konkurrencespiller_false_senior
Sigmund_16_true_12-12-2012_Sigmund@gmail.com_konkurrencespiller_false_junior
Anni_17_true_12-01-1970_Anni@gmail.com_konkurrencespiller_false_senior
klavus_18_true_01-01-2023_Klavus@gmail.com_konkurrencespiller_false_junior
Danjal_19_true_12-10-2020_Danjal@gmail.com_konkurrencespiller_false_junior
Heini_20_true_10-09-2019_Heini@gmail.com_konkurrencespiller_false_junior
Johan_21_true_01-07-2020_Johan@gmail.com_konkurrencespiller_false_junior
Kez_22_true_01-01-2020_Kez@gmail.com_konkurrencespiller_false_junior
Axe_23_true_02-02-2021_Axe@gmail.com_konkurrencespiller_false_junior
Bane_24_true_03-03-2020_Bane@gmail.com_konkurrencespiller_false_junior
Pango_25_true_04-04-2020_Pango@gmail.com_konkurrencespiller_false_junior
Jakiro_26_true_05-05-2020_Jakiro@gmail.com_konkurrencespiller_false_junior
Ursa_27_true_06-06-2020_Ursa@gmail.com_konkurrencespiller_false_junior
Timber_28_true_06-06-2020_Timber@gmail.com_konkurrencespiller_false_junior
Marci_29_true_07-07-2020_Marci@gmail.com_konkurrencespiller_false_junior
Enigma_30_true_08-08-2020_Enigma@gmail.com_konkurrencespiller_false_junior
Pugna_31_true_09-09-2020_Pugna_konkurrencespiller_false_junior
ES_32_true_01-01-2000_asd@gmail.com_konkurrencespiller_false_senior
Puck_33_true_02-02-2000_Puck@gmail.com_konkurrencespiller_false_senior
Primal_34_true_03-03-2000_Primal@gmail.com_konkurrencespiller_false_senior
Chen_35_true_04-04-2000_Chen@gmail.com_konkurrencespiller_false_senior
